q,gamma,alpha_f,alpha_b,beta_1,beta_2,beta_3,beta_4
0.5,0.6666664854244656,0.33333388046719264,0.9999991178075202,0.9999999978975154,6.945171755736758e-06,0.3333329748651752,7.705615299696822e-06
0.501,0.6666662280588772,0.3333345226558277,0.9999979642003697,0.9999999479467809,0.005326440001813826,0.3333325205143578,0.005326489030030793
0.502,0.6666658568929379,0.3333352678138068,0.9999966009396821,0.9999998967632542,0.01060632571411892,0.33333184061030685,0.010606472788839728
0.503,0.6666655461831387,0.3333357396070007,0.9999956444010989,0.9999998416016666,0.015841076944726872,0.33333128602267686,0.015841356883133397
0.504,0.6666653050153646,0.3333359437104483,0.9999950882425379,0.9999997845153973,0.02103100242144639,0.33333087275506906,0.021031448128077723
0.505,0.6666666438528971,0.3333333040025241,0.9999999900117287,0.9999999906533827,0.02614092104826611,0.3333333045349853,0.026140979857984893
0.506,0.6666665798705563,0.33333317245355093,0.9999999927745316,0.9999999916324146,0.031243759549023812,0.3333331747381293,0.031243811162380928
0.507,0.6666662948230097,0.33333265182405186,0.9999999634003882,0.9999999616092353,0.03630177821064534,0.3333326585091627,0.03630201664756209
0.508,0.66666588891957,0.3333329163410867,0.9999988862871193,0.9999996659742906,0.04132756579327392,0.33333218325271413,0.0413289711704182
0.509,0.6666666091116629,0.33333322433286267,0.9999999963635019,0.9999999962980534,0.04631632025647364,0.3333332248630447,0.04631634292637015
0.51,0.6666663537718017,0.3333327957672627,0.9999999473139487,0.9999999469542512,0.051256375164433154,0.3333328027700161,0.05125669833769604
0.511,0.6666665140795993,0.3333330602995832,0.9999999807748563,0.9999999807532377,0.05616504364920187,0.33333306271958363,0.0561651607035631
0.512,0.6666663975713304,0.3333328373289561,0.9999999747796767,0.9999999746865734,0.061029619073161276,0.33333284056732077,0.061029771532006824
0.513,0.6666664061890473,0.33333293009930315,0.9999999244480334,0.9999999214323049,0.06585950153341534,0.3333329302100818,0.06586104850562607
0.514,0.6666661364602141,0.33333252907159744,0.9999998257696048,0.9999998199638686,0.07064578999639384,0.33333252247196715,0.0706506098406711
0.515,0.66666642788121,0.3333328923859625,0.9999999678099908,0.9999996241182617,0.07540132497980409,0.3333332761827601,0.07540214918607246
0.516,0.6666658164059475,0.33333185403554055,0.9999998096352595,0.9999988274824654,0.08010269991968931,0.3333329749443567,0.08010728044718739
0.517,0.6666658244960113,0.33333197070014153,0.9999997282692006,0.999999208920366,0.08478446767898629,0.33333260119581853,0.08479056348422136
0.518,0.6666658026708071,0.3333320297642858,0.9999996888351884,0.9999994807407363,0.08942895491161823,0.33333228653074265,0.08943634188028103
0.519,0.6666657257527425,0.333332003006638,0.9999996035257989,0.9999994240973858,0.0940346052489781,0.333332242753434,0.09403819248379937
0.52,0.666665657195436,0.3333318017916776,0.9999997377798341,0.9999994806364257,0.09860303264075243,0.3333320142700942,0.0986058379283602
0.521,0.6666662400255722,0.33333271196463893,0.9999999035608725,0.9999998187634501,0.10314718292578837,0.333332716299867,0.10315070397871144
0.522,0.6666660912554655,0.3333325188719337,0.9999998780580543,0.9999997294825642,0.10764406069352102,0.33333252459846163,0.10764835725472367
0.523,0.6666662245719384,0.33333261936061914,0.9999998623163591,0.9999997784522532,0.11210663931875221,0.3333327316658171,0.11211124021392564
0.524,0.666666162904112,0.33333270703633694,0.9999996543002725,0.9999997664940738,0.11653605910430125,0.33333262696088967,0.11654050777553637
0.525,0.6666657552550187,0.33333238741017646,0.9999994149037725,0.9999995150193834,0.12092852438155877,0.33333214046509096,0.12092960205032494
0.526,0.6666655457043352,0.333332003309221,0.9999995159079009,0.9999994049425491,0.12528531975987742,0.33333186800969306,0.12528680343781506
0.527,0.6666658537799163,0.3333328248548199,0.9999990234467789,0.9999995431506589,0.12961729651004059,0.33333230663425417,0.1296182507437516
0.528,0.6666659981332089,0.33333349897230585,0.9999985912063608,0.9999997509946049,0.13391681302702427,0.33333233683979624,0.13391749244372267
0.529,0.6666657718538732,0.3333341867277126,0.999997467514791,0.9999997205689947,0.1381829223900076,0.3333319344338978,0.13818380785381487
0.53,0.6666656850982906,0.3333347196987272,0.9999968218433786,0.999999726988523,0.1424147472937218,0.33333176386003927,0.14241576602691522
0.531,0.6666652879092033,0.33333584786132486,0.9999950380387829,0.9999996475374715,0.14662075138285505,0.3333310940590314,0.14662224991736167
0.532,0.6666664932020113,0.3333330682131037,0.9999999523051858,0.9999999496309611,0.15075023605157728,0.3333330764676274,0.15075051566067435
0.533,0.6666660081849947,0.3333329810818774,0.999999128672461,0.9999996476926749,0.15487724871385447,0.333332496587558,0.15487826103498778
0.534,0.6666666095343288,0.33333324952798415,0.9999999818921433,0.9999999818945391,0.1589765058208253,0.3333332514645553,0.1589766060538265
0.535,0.6666664943996449,0.3333330801885056,0.9999999456429943,0.9999999458119176,0.16303948109084337,0.333333085766636,0.16303978019911783
0.536,0.6666663773448149,0.3333328869838737,0.9999999214096182,0.9999999213674002,0.16707077730726128,0.33333289532414706,0.1670712084026113
0.537,0.6666664311058325,0.333332929428293,0.9999999600708421,0.9999999601028219,0.17107313372993918,0.33333293356727334,0.17107335193856424
0.538,0.6666658785659005,0.3333322616841469,0.9999995860669691,0.9999986189056755,0.1750331898718317,0.33333329751041124,0.17503404113112997
0.539,0.666666507083107,0.33333310539288724,0.9999999458256402,0.9999999460667482,0.1789866621823961,0.33333311071118715,0.17898695594029435
0.54,0.6666665042346392,0.3333330222165247,0.9999999918409216,0.9999999918424359,0.18289585864026842,0.33333302305036555,0.18289590270131856
0.541,0.6666665644028488,0.33333313601823245,0.999999995720134,0.9999999957184754,0.18677705360510372,0.3333331364528885,0.18677707660219744
0.542,0.6666664657106984,0.3333329475442757,0.9999999904363311,0.9999999904377709,0.19062541291745844,0.33333294850725137,0.1906254641432986
0.543,0.6666664641842551,0.33333297638631376,0.9999999715258822,0.9999999715212524,0.1944463749649334,0.3333329792450775,0.1944465268505924
0.544,0.6666666118392053,0.33333324021834665,0.9999999902005182,0.9999999899220148,0.19824017415667827,0.3333332414718833,0.19824022625444002
0.545,0.6666665999925239,0.33333321710711233,0.9999999898617998,0.9999999894014843,0.20200208922655033,0.3333332185730304,0.2020021428369089
0.546,0.6666665843072762,0.33333318740356976,0.9999999888778537,0.9999999882445426,0.20573507771527574,0.33333318913369975,0.20573513610591831
0.547,0.6666665721292163,0.3333331643389736,0.9999999881150017,0.9999999873286699,0.20943950724528893,0.3333331662879912,0.20943956916427428
0.548,0.6666664861369274,0.33333307597875017,0.9999999363762782,0.9999997794653154,0.21311446742087162,0.3333332381353331,0.21311474220771476
0.549,0.6666660181572351,0.3333321250009964,0.9999999474912394,0.9999999475643077,0.2167540060134955,0.3333321299058073,0.21675427942004322
0.55,0.666666541011505,0.333333110301315,0.9999999832580299,0.999999982494242,0.22038358371238317,0.33333311262915943,0.2203836704473192
0.551,0.6666665036781182,0.33333302501733525,0.999999989549634,0.9999999882841679,0.22397526519116978,0.3333330272310348,0.22397531921810454
0.552,0.6666664849263535,0.3333329890396131,0.9999999886450669,0.9999999872383303,0.22753998914592838,0.33333299145922385,0.22754004725757962
0.553,0.6666664657659599,0.33333295272695124,0.999999987454817,0.9999999859261578,0.2310774851650396,0.33333295535380897,0.2310775487551573
0.554,0.6666665134168837,0.333333052753945,0.9999999846680121,0.9999999829012345,0.23458926951438658,0.3333330559100685,0.23458934654971733
0.555,0.66666648707202,0.33333300632822754,0.9999999809476287,0.9999999788874648,0.23807289280067875,0.3333330100259575,0.2380729880829781
0.556,0.6666662580909056,0.33333257742300687,0.9999999637809869,0.9999999637467444,0.24152643352210934,0.3333325805576626,0.2415266183629674
0.557,0.6666663827885313,0.33333279558192463,0.9999999822115742,0.9999999806407059,0.2449595703430397,0.3333327984151022,0.24495965969737013
0.558,0.6666663673245578,0.33333276755024915,0.9999999804934915,0.9999999791669962,0.24836434846428096,0.33333277020679764,0.24836444572771707
0.559,0.6666663518047885,0.33333273967187793,0.9999999786178606,0.9999999776435693,0.2517432197454814,0.33333274203948976,0.2517433256995314
0.56,0.6666663360170477,0.33333271156057226,0.9999999765623205,0.9999999760602747,0.2550963929181779,0.33333271351286364,0.25509650847595033
0.5609999999999999,0.666666370542473,0.33333277730397814,0.9999999785457752,0.9999999778567621,0.25842492473182377,0.3333327794203046,0.2584250280378047
0.562,0.66666635285292,0.3333327672129954,0.9999999637146828,0.9999999625108885,0.26172752659830756,0.33333277156493296,0.26172770308250176
0.563,0.6666663444873814,0.3333327503428986,0.999999963806959,0.9999999624548862,0.2650049518112322,0.3333327548179518,0.26500512698899287
0.5640000000000001,0.6666663375604053,0.33333270486045885,0.9999999824010336,0.9999999810284842,0.2682571985807683,0.33333270742527304,0.2682572809622853
0.565,0.6666663438197132,0.33333272333866015,0.9999999788719326,0.9999999784845802,0.2714854209419853,0.3333327250345899,0.271485520166537
0.5660000000000001,0.6666663234461476,0.33333268478433337,0.9999999775943158,0.9999999773499254,0.2746886549765805,0.3333326864604352,0.27468875946147747
0.567,0.6666660578360694,0.3333321515899046,0.9999999786789096,0.9999999796104848,0.27786320897937083,0.3333321514403981,0.27786330719526164
0.5680000000000001,0.6666660201188508,0.3333320811210375,0.9999999757213338,0.9999999771045288,0.2810178470972084,0.33333208048159507,0.28101795909030153
0.569,0.6666659767561658,0.3333319996978604,0.9999999725641907,0.9999999744483733,0.28414851617881115,0.3333319985118237,0.2841486427291204
0.5700000000000001,0.6666665482165245,0.33333311205745664,0.9999999907720629,0.9999999910478794,0.2872659543728041,0.3333331123078954,0.2872659979646259
0.571,0.6666665448930243,0.33333310744513556,0.9999999895703777,0.9999999899217259,0.2903500793905509,0.33333310766065877,0.29035012864832777
0.5720000000000001,0.6666665404912439,0.3333331012672661,0.9999999880213959,0.9999999884641388,0.2934108872704292,0.3333331014464954,0.2934109439260623
0.573,0.6666665347103105,0.3333330928156004,0.9999999861860668,0.999999986724814,0.29644855929540914,0.3333330929744816,0.2964486247629192
0.574,0.6666665240259053,0.3333330752606937,0.9999999839366626,0.9999999845849832,0.2994632225896373,0.33333307540073687,0.2994632988406308
0.575,0.6666663664582455,0.33333277245751436,0.9999999767727173,0.9999999766736236,0.30245269162801,0.33333277434529957,0.3024528007709511
0.576,0.6666665355012275,0.333333120472414,0.9999999709190159,0.9999999710114523,0.30542520190485944,0.33333312245020913,0.30542533848062753
0.577,0.6666665007945476,0.3333330589171614,0.9999999663488329,0.9999999661454266,0.30837179693256755,0.3333330616810962,0.3083719539158183
0.578,0.6666663657369,0.33333279981361497,0.9999999599028514,0.9999999595579997,0.31129451347129056,0.33333280324367154,0.3112946997131028
0.579,0.6666663327379699,0.33333269950228483,0.9999999800174509,0.9999999800981261,0.31419649999991967,0.333332700823577,0.31419659240925457
0.58,0.6666665074249679,0.3333330545679065,0.9999999767097585,0.9999999765075968,0.317080542140614,0.33333305652435824,0.3170806494828579
0.581,0.6666664044158495,0.33333286115657085,0.9999999693296702,0.9999999689975295,0.3199382789914729,0.33333286381211363,0.3199384198219194
0.582,0.6666661949671295,0.3333324571216055,0.9999999606334213,0.9999999601542571,0.32277276162247787,0.3333324605763617,0.32277294172365356
0.583,0.6666661431860922,0.3333323521208326,0.9999999614858376,0.9999999609566237,0.325588405545864,0.3333323555815112,0.3255885810758591
0.584,0.6666657646326622,0.33333160625652175,0.9999999549021064,0.9999999543323624,0.32837758589321747,0.33333161019726293,0.3283777907321998
0.585,0.6666665909137603,0.3333331855585511,0.9999999978103792,0.9999999978753472,0.33116492657844887,0.33333318560255953,0.33116493646818135
0.586,0.6666663000330882,0.33333261420301613,0.9999999916764223,0.9999999921902747,0.3339137330382669,0.3333326140081071,0.33391377056807936
0.587,0.6666637155942537,0.3333274614159422,0.9999999824178492,0.9999999807437872,0.336604334968149,0.33332746506209,0.33660441379977574
0.588,0.6666579549491982,0.33331592567359797,0.9999999909639083,0.9999999852870441,0.3392225919465481,0.3333159345574149,0.33922263574112477
0.589,0.6666491508752572,0.33329830345984146,0.9999999991113986,0.9999999962912064,0.3417717875162352,0.33329830751354994,0.3417717910689515
0.59,0.6666374557481572,0.33327491659061403,0.9999999971667111,0.9999999916380622,0.3442552752609229,0.33327492428053,0.3442552864540269
0.591,0.6666231660540803,0.33324634162978056,0.999999994950258,0.9999999795778688,0.3466784027233111,0.3332463619686055,0.34667841292678653
0.592,0.6666067377133839,0.3332134776631598,0.9999999988062441,0.9999999891488378,0.3490490994588485,0.3332134900002664,0.3490490998857232
0.593,0.6665879059450499,0.3331758229074256,0.999999995965091,0.9999997930905911,0.3513632623531679,0.3331760575890003,0.3513632725201076
0.594,0.6665670136541451,0.3331340400966322,0.9999999948682976,0.999999636348094,0.35362749244619485,0.33313443689537536,0.3536276473578449
0.595,0.6665448355362741,0.33308969693624785,0.9999999894116791,0.999999462041033,0.35585467389134856,0.33309027464732416,0.3558549033614961
0.596,0.6665204376900605,0.3330413214298127,0.9999996750587805,0.999998861181927,0.3580328990100862,0.3330421682983232,0.3580380814347782
0.597,0.6664952525711522,0.33299069588873276,0.9999998611057522,0.9999994577148009,0.36018000076235634,0.3329911150654213,0.36018203499581186
0.598,0.666468493219411,0.3329369904032131,0.9999999972802632,0.9999999335745716,0.3622869018152454,0.3329370578554189,0.3622869334647964
0.599,0.6664400884501609,0.33288018740376385,0.9999999925370187,0.999999977959313,0.36435313058152985,0.3328802027048907,0.3643532046619198
0.6,0.6664104177537395,0.33282084460790473,0.9999999934557269,0.999999949247059,0.36638419886631346,0.3328208905666648,0.36638426834350746
0.601,0.6663795336210521,0.3327590842614466,0.9999999876245643,0.9999998772347289,0.36838155006930284,0.3327591996844018,0.3683816738024971
0.602,0.6663475682104568,0.3326951531500084,0.9999999878281214,0.9999998132412126,0.37034756074755376,0.33269533509416965,0.37034767147487696
0.603,0.6663140527636567,0.33262812596554,0.9999999898290423,0.9999991261616061,0.3722734101672788,0.3326290918874829,0.3722735030027877
0.604,0.6662801147641166,0.3325602504720553,0.9999999831210067,0.9999992458549185,0.3741812843996665,0.3325610499478049,0.37418119516351434
0.605,0.6662452755403099,0.33249056978076186,0.9999999859391123,0.9999992808871553,0.37606128533083677,0.3324913286923829,0.37606120271745064
0.606,0.6662095219548027,0.3324190625144689,0.9999999869797566,0.9999991870407734,0.37791331910671044,0.3324199163539272,0.37791323397458076
0.607,0.666172976099261,0.33234597162006885,0.9999999875543687,0.9999991672469264,0.379740165631646,0.33234683982126223,0.3797400971410073
0.608,0.666135644433223,0.3322713193610079,0.9999999833673173,0.9999963226155092,0.38153274330720305,0.3322750127402095,0.38153277197568436
0.609,0.6660980590223454,0.33219613805652193,0.9999999889216306,0.9999997895271842,0.383328950733523,0.3321963461707817,0.38332898887376055
0.61,0.6660594410636814,0.3321188981284466,0.9999999911966426,0.9999998283681027,0.38508558827125366,0.33211906819980624,0.3850856180559444
0.611,0.6660201290236396,0.33204027273981085,0.9999999919276904,0.9999998079429021,0.38681901461251544,0.3320404644333628,0.386819040171847
0.612,0.6659801939079801,0.33196040195474935,0.9999999922096491,0.999999768628712,0.38853061396632477,0.33196063433108,0.3885306366120288
0.613,0.6659396536549437,0.3318793249882826,0.9999999896929531,0.9999999912079298,0.3902218050756266,0.33187932317094204,0.3902218513452168
0.614,0.6658986052797642,0.33179722545200024,0.9999999913628965,0.9999999350109757,0.3918923455840079,0.3317972829962591,0.39189238201112714
0.615,0.6658570557064566,0.3317141259193771,0.9999999915964749,0.9999999063122937,0.3935436067956817,0.3317142133430797,0.393543640210251
0.616,0.6658150259375993,0.3316300656803601,0.9999999920207155,0.9999998792876854,0.39517596086700807,0.3316301813842814,0.3951759907736281
0.617,0.6657725815914112,0.33154517440577264,0.9999999935623841,0.9999998056667158,0.3967903616396919,0.3315453658524278,0.3967903840215122
0.618,0.665729266966667,0.33145866322332657,0.9999999299235979,0.9999991932638859,0.3983800748266414,0.3314595039504185,0.39838023923196486
0.619,0.665686037936193,0.33137221382735316,0.99999992519353,0.999999442177035,0.3999612132986705,0.3313728081496614,0.3999613870331234
0.62,0.6656424073487314,0.33128495965351246,0.9999999216030098,0.9999983820717316,0.4015209836510676,0.3312866231080385,0.4015211542150867
0.621,0.6655983068125711,0.3311967658356628,0.9999999176988863,0.999998246474981,0.4030657920388693,0.33119856906074735,0.40306596685302837
0.622,0.6655539045063273,0.33110794153147455,0.9999999275843818,0.9999996367752019,0.4045998281296658,0.3311083431684398,0.40459998200680075
0.623,0.6655091418542745,0.331018340098598,0.9999999698681975,0.9999952952106347,0.40609879450835973,0.3310230786256752,0.4060988363077856
0.624,0.665464093802683,0.3309282386921183,0.9999999725595338,0.9999960866816541,0.4076000940611709,0.330932179265373,0.407600135787465
0.625,0.6654188391294074,0.33083771588036,0.9999999797289452,0.9999978581911819,0.40909078814299027,0.33083987527653663,0.4090908219483565
0.626,0.6653733433729307,0.330746693547023,0.999999996352858,0.9999981562317203,0.4105625609346498,0.3307485428708396,0.4105625632993399
0.627,0.6653274901902269,0.3306549855191027,0.9999999972440761,0.9999985813487648,0.412019509584335,0.33065640816129327,0.4120195116536374
0.628,0.6652813762180568,0.3305627628296931,0.9999999944089476,0.9999991206959317,0.41346284325983573,0.33056364743545386,0.4134628516845994
0.629,0.665235076146585,0.3304701524165654,0.9999999999336028,0.9999998249898647,0.4148936483549746,0.33047032766963075,0.41489364819085445
0.63,0.6651885247874327,0.3303770496562321,0.9999999999567668,0.9999999381380623,0.4163089902239279,0.3303771116596505,0.4163089901402958
0.631,0.665141669568989,0.33028334012813115,0.9999999994829664,0.9999967890623414,0.41769971043959264,0.3302865549479666,0.4176997060953441
0.632,0.6650947284076737,0.33018946543874006,0.9999999952832027,0.999999425881464,0.41909765627414985,0.33019003960004356,0.41909766883860416
0.633,0.665047593115796,0.33009519384098024,0.9999999958527588,0.9999993706180889,0.4204744141262451,0.3300958238474775,0.4204744243905481
0.634,0.6650003066417239,0.3300006187900736,0.9999999970099221,0.9999993906153717,0.4218395164378559,0.3300012291897125,0.421839523096318
0.635,0.6649527161870458,0.32990546792746217,0.9999999808918213,0.9999983549318744,0.4231877563642274,0.32990713813496225,0.4231877736840218
0.636,0.6649051874076429,0.329810377640348,0.99999999849356,0.9999986005827581,0.42453061029405886,0.32981177934033434,0.4245306111602516
0.637,0.6648573697035958,0.32971474578685556,0.999999996592204,0.999997574745523,0.42585637478458027,0.3297171758431118,0.42585637724331793
0.638,0.6648093010334187,0.32961861588267793,0.9999999926379949,0.9999769421937759,0.42710789372082275,0.3296416962955518,0.42710787980340864
0.639,0.6647615856303019,0.3295231731981322,0.999999998972903,0.9999930275832006,0.4284696823685205,0.32953014827759797,0.4284696812392481
0.64,0.66471302621615,0.32942605524868124,0.9999999985453323,0.9999721708114859,0.4296954409706134,0.32945389387017937,0.4296954308769368
0.641,0.6646645408371039,0.3293290867238618,0.9999999973813878,0.9999595822059787,0.4309390035468957,0.3293695205213625,0.4309389866726431
0.642,0.6646162232223355,0.32923245800050827,0.9999999938612775,0.9999698627842477,0.4322470532819498,0.3292626116424425,0.43224704524381546
0.643,0.6645685269432201,0.3291370562661303,0.9999999987802489,0.9999835898752437,0.4335646487249803,0.3291534776439771,0.4335646350273019
0.644,0.6645202659652366,0.3290405329403338,0.9999999994635685,0.9999993004915059,0.43487188386960807,0.3290412338938126,0.4348718830795492
0.645,0.6644717619959312,0.32894352417716977,0.9999999998998627,0.9999997880094716,0.43611964975217904,0.3289437364388168,0.4361196496050627
0.646,0.6644231115497617,0.3288462234147438,0.999999999833926,0.99999851188707,0.4373511937574901,0.32884771257089124,0.4373511926262399
0.647,0.6643744854334555,0.328748971520489,0.9999999996482536,0.9999991401956699,0.4385801671296887,0.32874983222004933,0.4385801667162036
0.648,0.6643255545871412,0.3286511105953437,0.9999999992522386,0.999976381921256,0.43972430796591555,0.32867473072345466,0.43972430689520686
0.649,0.664276970504011,0.3285539414886956,0.9999999997451482,0.9999887304708448,0.4409726536010738,0.3285652120997137,0.440972652646995
0.65,0.6642279194185035,0.3284558529141299,0.9999999924816044,0.9999886996366119,0.44216835531294885,0.3284671640617235,0.44216835904623164
0.651,0.6641792416570416,0.3283584875855662,0.9999999977169868,0.9999802117644665,0.4433341134367465,0.32837827952837595,0.4433341138939417
0.652,0.6641304428582192,0.3282608876820733,0.9999999989591327,0.9999762043316334,0.4445037593248765,0.32828468518001463,0.44450375929366515
0.653,0.6640802751702054,0.3281605565497875,0.9999999967428285,0.9997491577895302,0.4449646873314277,0.3284114143240606,0.4449646726183663
0.654,0.6640321552353886,0.3280643129502155,0.9999999987025557,0.9998450117174504,0.4464327005753137,0.3282193087731015,0.4464326926790263
0.655,0.6639831419954743,0.32796628732152855,0.999999998246462,0.9998704535394798,0.44766531380863855,0.32809583959335475,0.4476653096807825
0.656,0.6639349515035498,0.327869903188719,0.9999999999088792,0.9999907734373996,0.4491889935823417,0.3278791299725423,0.4491889934888619
0.657,0.6638855314527227,0.32777106995145394,0.9999999962352714,0.999832082770009,0.4498387799530742,0.32793899344833577,0.44983878024554264
0.658,0.6638365815717082,0.3276731708035995,0.9999999959254924,0.9997539419798279,0.45073259596538373,0.32791923562370784,0.450732596182198
0.659,0.6637881326818085,0.32757626587111077,0.9999999997419976,0.9998447068504763,0.4521378307653826,0.32773155946953014,0.4521378307937574
0.66,0.6637393114578976,0.32747862392758176,0.9999999994671523,0.9996172420239364,0.4525653647405868,0.32786138416182314,0.4525653627314943
0.661,0.663690566709532,0.3273811348166775,0.9999999992618723,0.9994671762482856,0.4532221793071376,0.32791396114110893,0.4532221773420067
0.662,0.6636420900833196,0.3272841807559915,0.9999999996876121,0.9993399722164049,0.4539448153509172,0.32794420929401696,0.4539448150128712
0.663,0.6635936965422423,0.327187394342028,0.9999999993333769,0.9990923010242527,0.4542983813643669,0.3280950944442397,0.4542983813490712
0.664,0.6635452611184174,0.3270905256783446,0.9999999981715818,0.9985909107648727,0.4538816827789641,0.3284996180888279,0.45388168257536204
0.665,0.6634971638194185,0.3269943305357651,0.9999999984687774,0.9987547644011371,0.4554665680651131,0.3282395727002052,0.45546656361556925
0.666,0.6634488991278443,0.32689780289468096,0.9999999975315398,0.9983804354263358,0.45542408145898217,0.32851737313707446,0.4554240788753631
0.667,0.6634015950440744,0.3268031930444707,0.9999999984248483,0.9980625202247985,0.45555794437556174,0.32874067529871376,0.4555579444630507
0.668,0.6633540896361536,0.3267081810280542,0.9999999990670864,0.9978695519269397,0.4560586562346267,0.328838630552643,0.45605865633805054
0.669,0.6633067212575713,0.32661344563595945,0.9999999983469849,0.9976763821590314,0.45655451543298753,0.3289370661330804,0.4565545154643641
0.67,0.6632594342484589,0.3265188685522816,0.9999999999738929,0.9975682324629551,0.45729922457608435,0.32895063615070064,0.4572992245401796
0.671,0.6632120787177703,0.3264241591266372,0.9999999991043685,0.9973082729816466,0.45758409265059863,0.32911588911436734,0.4575840907971189
0.672,0.6631653046084872,0.32633060995153834,0.999999999609871,0.997165759848674,0.45822013663407934,0.3291648507935891,0.4582201365378084
0.673,0.6631182399148483,0.3262364805658927,0.999999999613653,0.996856416387173,0.45835077195711527,0.329380065325743,0.4583507711677555
0.674,0.663071764505549,0.32614353423766224,0.9999999972199445,0.9965478471778805,0.4584859364756044,0.3295956911881,0.45848593687253897
0.675,0.663025280529059,0.32605056311662833,0.9999999989054303,0.9963600883138939,0.45897418719098054,0.3296904765280809,0.45897418719220034
0.6759999999999999,0.6629787331238574,0.3259574809062305,0.9999999922642407,0.9959145571310317,0.45869347424503076,0.3300429527469802,0.45869345086162505
0.677,0.6629325849351492,0.3258651835676311,0.9999999927742662,0.9958356226458018,0.45949683737705854,0.3300295902701341,0.45949681211941085
0.6779999999999999,0.6628866530710987,0.3257733061804671,0.9999999999786363,0.995776050381585,0.46035308148323556,0.3299972558932028,0.46035308139564335
0.679,0.6628406586951259,0.3256813175392654,0.9999999999212731,0.9955376685658917,0.4606752870880204,0.3301436491432265,0.4606752870170484
0.6799999999999999,0.662794950664389,0.3255899015685324,0.999999999875848,0.9953198844765117,0.4610561923049306,0.3302700178008562,0.46105619158281635
0.681,0.6627493829156115,0.3254987658539414,0.9999999999874714,0.9951523616806409,0.46158098883000037,0.33034640422873185,0.46158098878151366
0.6819999999999999,0.6627039382435236,0.3254078767369886,0.9999999998670814,0.9949083943795596,0.46187729147746126,0.3304994825549076,0.4618772914854668
0.683,0.6626586381661914,0.3253172766447499,0.9999999998339038,0.9946962448873569,0.46226337080619445,0.33062103200401344,0.46226337081522173
0.6839999999999999,0.6626134893009953,0.32522697894456803,0.999999999817888,0.9944853892472105,0.4626496646292318,0.3307415899671674,0.4626496646375014
0.685,0.6625676945409058,0.3251354460352612,0.9999999697693046,0.9940852456355634,0.462471266184887,0.33105025002563393,0.46247126037601816
0.6859999999999999,0.662522607931238,0.32504526923791804,0.9999999716714503,0.9932734171340726,0.46109648549714993,0.33177189841413035,0.4610964800519307
0.687,0.6624789328770638,0.32495786597370374,0.9999999998830952,0.9939022194696399,0.46393090619591737,0.3310556477144501,0.4639309046800377
0.688,0.6624343916296672,0.3248687833204923,0.9999999999674866,0.993698763062502,0.46432443525405487,0.33117002061040973,0.46432443481317925
0.6890000000000001,0.6623900006748838,0.3247800014113379,0.9999999999669459,0.9934500276139426,0.4645829904831399,0.33132997417708926,0.46458299001413045
0.69,0.6623457519846893,0.32469150401946156,0.9999999999728842,0.9932499977044285,0.4649794946857457,0.3314415066376926,0.46497949429045776
0.6910000000000001,0.6623016512281132,0.3246033025050469,0.9999999999731829,0.9930520893284037,0.46537858776191726,0.33155121351129935,0.46537858735077736
0.692,0.6622576988282118,0.3245153977093454,0.9999999999701822,0.9928544350422646,0.4657748725359779,0.3316609630575349,0.46577487205441853
0.6930000000000001,0.6622138952982018,0.32442779064932475,0.9999999999702807,0.992657097170871,0.46616855316777617,0.3317706938945003,0.466168552651122
0.694,0.662170239261968,0.3243404785829136,0.999999999966286,0.9924606952305054,0.46656141795399203,0.33187978385443273,0.466561417326967
0.6950000000000001,0.6621267311575478,0.32425346237842395,0.9999999999634922,0.9922650632854119,0.4669530041648231,0.3319883996666177,0.4669530034451194
0.696,0.6620833617343709,0.32416672362541504,0.9999999999093152,0.9920723693597071,0.46734945483903956,0.3320943558117469,0.4673494528813804
0.6970000000000001,0.6620401737857398,0.32408034761193416,0.9999999999777812,0.9918413516439343,0.4676328147766451,0.33223899611920427,0.46763281461247386
0.698,0.6619971098528284,0.3239942197347568,0.9999999999839614,0.9916465968130647,0.4680166775576521,0.3323476230365725,0.46801667743105696
0.6990000000000001,0.6619541922526737,0.3239083845319318,0.9999999999852801,0.9914528850201965,0.4684000848131247,0.33245549962227694,0.46840008468977395
0.7,0.661911420816382,0.3238228416614365,0.99999999998414,0.9912601963550703,0.46878298622120174,0.3325626454314817,0.46878298608023267
0.7010000000000001,0.6618687954483395,0.3237375909267954,0.9999999999832421,0.991068464164146,0.46916519913239585,0.33266912690117545,0.46916519897493336
0.702,0.661826315873823,0.3236526317785326,0.999999999982635,0.9908776444090259,0.4695466044938061,0.3327749875191942,0.4695466043220007
0.7030000000000001,0.6617839818553787,0.3235679637421197,0.9999999999823888,0.9906875785580751,0.46992675858533584,0.33288038534100967,0.46992675840383913
0.704,0.661741793055864,0.3234835861431672,0.9999999999822474,0.9904983862434378,0.47030600938568917,0.332985200062926,0.47030600919655263
0.7050000000000001,0.6616997492357949,0.32339949850256666,0.9999999999824929,0.9903100102453298,0.47068420220506546,0.33308948842208497,0.4706842020138542
0.706,0.6616578502169503,0.3233157004634804,0.9999999999835062,0.990122356065022,0.4710610782443515,0.33319334455422156,0.47106107806279984
0.7070000000000001,0.661616095627229,0.3232321912838693,0.999999999984293,0.9899354084233986,0.4714366022638444,0.33329678300709714,0.47143660209003785
0.708,0.661574485242426,0.32314897051219005,0.9999999999857856,0.9897491270038131,0.47181066997663135,0.33339984363882447,0.47181066981917713
0.709,0.6615330187649491,0.32306603755634145,0.9999999999865306,0.9895634998340394,0.47218325691373925,0.3335025378274477,0.4721832567889726
0.71,0.6614910575699806,0.32298223989918373,0.9999999334540313,0.9893892148834558,0.47257888124227254,0.3335931626574413,0.47257881575325345
0.711,0.6614499348191034,0.3228999837433754,0.999999939161727,0.9892088802043495,0.47296021906893043,0.3336912283832342,0.4729601599647197
0.712,0.6614089457142267,0.3228179956862719,0.9999999444330356,0.9890281239636182,0.47333695780188584,0.3337899850995529,0.47333690417673163
0.713,0.6613680958653919,0.32273628670055077,0.9999999494020726,0.9888480317469526,0.47371222357691073,0.3338883576816318,0.4737121749717024
0.714,0.6613273865325154,0.32265485921725645,0.9999999541157473,0.9886688248373551,0.4740866607643086,0.33398612708447156,0.47408661688435233
0.715,0.6612868167719279,0.32257371135521723,0.9999999585707408,0.9884903708599985,0.47445989928094795,0.3340834238167549,0.47445985981119654
0.716,0.661246386412535,0.32249284276973517,0.9999999627708792,0.9883126627590408,0.47483192887326986,0.33418025456877576,0.47483189350508065
0.717,0.6612060951588637,0.32241225287447717,0.9999999667136847,0.9881356836164374,0.47520271063931535,0.3342766356659104,0.47520267907192376
0.718,0.6611659432839423,0.3223319421902898,0.9999999704117128,0.9879595202571961,0.4755725003015171,0.3343724807583664,0.4755724722642245
0.719,0.6611259309935895,0.3222519111027475,0.9999999738796583,0.9877842360895351,0.4759414862879622,0.3344677267692799,0.47594146155057804
0.72,0.6610860568602249,0.32217215681241484,0.9999999770895399,0.9876095909918674,0.47630899724148507,0.33456261109734514,0.4763089755107578
0.721,0.6610463206960877,0.3220926789347997,0.999999980044752,0.9874355766476574,0.4766750203785721,0.33465714165387245,0.4766750013793991
0.722,0.6610067223185565,0.32201347709777906,0.9999999827497766,0.9872621860106863,0.477039546539687,0.33475132509143807,0.4770395300086866
0.723,0.6609672615496973,0.3219345509364929,0.9999999852101943,0.9870894131867707,0.47740256981943235,0.3348451669146697,0.47740255551134114
0.724,0.660927946484125,0.3218559159453932,0.9999999877974085,0.9869184999078843,0.47776760646851485,0.334937440068798,0.47776759458428053
0.725,0.6608888441529713,0.3217777205498275,0.99999998356869,0.9866247562224703,0.47779143603214025,0.335153002347562,0.4777914088497119
0.726,0.6608497812585159,0.3216995929608894,0.9999999843537772,0.9864531959677382,0.478148579327766,0.33524642976322,0.47814855873637296
0.727,0.6608107775926226,0.3216216560731299,0.9999999465488234,0.9863715779320701,0.478749759392995,0.3352501566614943,0.4787497420364532
0.728,0.6607719871680108,0.3215440690793604,0.9999999498019116,0.9862045154126895,0.4791125763090926,0.33533962757514746,0.4791125594234213
0.729,0.6607333349382013,0.321466758816027,0.999999952873771,0.9860384305669084,0.4794749353453521,0.33542839784813794,0.4794749188803668
0.73,0.6606948220362149,0.3213897274868193,0.9999999557991881,0.9858726996313131,0.47983514549407863,0.33551709327414914,0.4798351295577297
0.731,0.6606564521286823,0.3213129828412761,0.9999999583622013,0.9857054318264694,0.48018808575899674,0.33560761240881426,0.48018807075359277
0.732,0.6606182193924028,0.32123651274363424,0.9999999608154125,0.9855390279232797,0.4805402921906033,0.3356975423862901,0.4805402780669421
0.733,0.660580123527024,0.32116031659018385,0.999999963160319,0.9853734855373444,0.48089176407137746,0.33578688498246245,0.48089175078059576
0.734,0.6605421642341791,0.32108439378486686,0.9999999653986531,0.9852088022433744,0.48124250060270385,0.33587564201828396,0.48124248810388326
0.735,0.6605043412221157,0.3210087437357993,0.9999999675323646,0.9850449756072192,0.48159250098402256,0.3359638153326936,0.48159248923402787
0.736,0.6604666541983725,0.3209333658584694,0.9999999695636036,0.9848820031994001,0.4819417644542603,0.3360514067650351,0.481941753412428
0.737,0.6604291028767064,0.3208582595731974,0.9999999714947011,0.9847198826163595,0.48229029034343485,0.33613841813339007,0.48229027996968726
0.738,0.6603915344713547,0.32078317650508786,0.9999999431853213,0.9845658761367566,0.48265674232063915,0.3362173663484833,0.4826567423452573
0.739,0.6603544666055416,0.32070893733075023,0.9999999977990819,0.9843240779619289,0.4827848261556239,0.33638488411794115,0.48278479750544945
0.74,0.660317319815548,0.3206346431918115,0.999999998110712,0.9841557538682352,0.4831077808414367,0.33647889802020514,0.48310777240015024
0.741,0.6602803027185752,0.32056060908423184,0.9999999980647576,0.9839871376557754,0.48342695522023227,0.33657347933156323,0.4834269478503315
0.742,0.6602434201717926,0.3204868437367637,0.9999999982055872,0.9838134560109256,0.4837295420458279,0.33667339516344047,0.48372953489669546
0.743,0.6602066702215971,0.32041334363371954,0.9999999983192664,0.9836377484503345,0.4840237802925802,0.33677560206425805,0.48402377357221776
0.744,0.6601700524998639,0.32034010905405913,0.9999999978605897,0.98347239542003,0.4843429932988416,0.336867718914804,0.48434298945406085
0.745,0.6601335678960836,0.3202671410169233,0.9999999972421022,0.983307548378936,0.48466064993259156,0.3369595960172529,0.4846606495500433
0.746,0.660097214156678,0.320194434528145,0.9999999967204996,0.9831343360491843,0.4849529547094748,0.3370601021781701,0.4849529546473572
0.747,0.6600609906916681,0.3201219889919607,0.9999999959853308,0.9829583819682515,0.48523506983034376,0.3371636114901712,0.4852350698060238
0.748,0.6600248959840743,0.32004980154550683,0.9999999949472111,0.9827782607351006,0.4855032179555797,0.3372715463697963,0.4855032179685889
0.749,0.6599889519175629,0.31997791424839994,0.9999999945070152,0.9826388819491376,0.4858775633543908,0.3373390383058132,0.4858775633747806
0.75,0.659953161352387,0.3199063319345517,0.9999999951316815,0.9825455534581489,0.486371859427481,0.33736078380008927,0.48637185940811056
0.751,0.6599174875467881,0.3198349844594008,0.9999999950607518,0.9824206017126914,0.48677847381378764,0.33741438813376196,0.48677847377475536
0.752,0.6598819397438295,0.3197638896562197,0.9999999946381769,0.982285051321331,0.4871537562368836,0.33747884725519817,0.4871537520594761
0.753,0.6598465148588851,0.3196930397902341,0.9999999946890481,0.9821231718217669,0.487456018993929,0.3375698898278584,0.48745599750349766
0.754,0.6598112230858204,0.319622457781762,0.9999999938750342,0.9819757521080915,0.48779385741177944,0.3376467348152445,0.4877938274047323
0.755,0.6597760585487908,0.31955212824213725,0.9999999941168097,0.9817970264457231,0.4880458266888666,0.33775513253394185,0.48804579423763694
0.756,0.6597410265261847,0.3194820661177849,0.9999999931020046,0.9816366089672456,0.4883436014671061,0.3378454849101321,0.48834357438867787
0.757,0.6597061224761347,0.31941226064585065,0.9999999917233905,0.9814678753555279,0.4886166134047502,0.33794440352923194,0.488616600804652
0.758,0.6596713286288115,0.3193426767138171,0.9999999897499022,0.9812775467046285,0.48882977810942857,0.33806514306252894,0.4888297750160966
0.759,0.659636711773809,0.31927345323315504,0.999999984361794,0.9811984136894167,0.4893338571665357,0.33807505688593015,0.48933385572511817
0.76,0.6596022506196998,0.3192045078992399,0.9999999964921634,0.9812018345921305,0.49005189748478584,0.3380026769452278,0.4900518974684747
0.761,0.6595678734927447,0.31913575333040056,0.9999999966583651,0.9810613277987354,0.4903875789433974,0.3380744289785412,0.4903875789284911
0.762,0.659533625387608,0.3190672568608783,0.9999999967955645,0.9809216967688,0.49072271649523647,0.33814556337875096,0.4907227164809766
0.763,0.6594995060459802,0.3189990179666397,0.9999999969070257,0.9807829374641434,0.4910573044966534,0.3382160836573238,0.49105730448333146
0.764,0.6594655152069131,0.3189310361222369,0.9999999969950772,0.9806450516068811,0.4913913524023171,0.33828598756336786,0.49139135238955006
0.765,0.6594316526078466,0.31886331079881786,0.9999999970612006,0.9805080484520129,0.4917248892933429,0.33835526531198373,0.4917248892805167
0.766,0.6593979216205942,0.31879584360221497,0.9999999997963872,0.9803497924829775,0.4920001234793043,0.338446060544356,0.4920001117620481
0.767,0.659364314947329,0.31872863021650294,0.9999999998137113,0.9802102758641025,0.49232157256246095,0.3385183625767082,0.49232156236239
0.768,0.6593308358193727,0.3186616719158931,0.9999999998381203,0.980071940240832,0.49264333102346763,0.3385897384376808,0.4926433226469199
0.769,0.6592974836382676,0.31859496751876987,0.9999999998541318,0.9799369744411178,0.49297109031769143,0.3386579998715398,0.49297108188325617
0.77,0.6592642538459463,0.31852851295441886,0.9999999972320115,0.9797925168368642,0.49327141833887267,0.3387359988362136,0.49327141832356736
0.771,0.6592311551921763,0.31846231562336375,0.9999999972448228,0.9796564088603256,0.49359071862437165,0.33880590945568134,0.4935907186071842
0.772,0.6591981853086302,0.31839637468737486,0.9999999978597952,0.9795366467878117,0.493949642293141,0.3388597299799272,0.49394964227890636
0.773,0.659165341428144,0.31833068308767726,0.9999999998413523,0.9794059344770439,0.49427738427957146,0.3389247578098023,0.49427737281981743
0.774,0.6591326215371063,0.31826524330359984,0.9999999998391409,0.9792753923152051,0.494602828400521,0.3389898602439783,0.4946028168753233
0.775,0.6591000273456322,0.31820005491986064,0.9999999998370548,0.9791452799993492,0.49492664921988977,0.33905478415475016,0.49492663772546747
0.776,0.6590675586362731,0.3181351174958224,0.9999999998386384,0.9790155128449668,0.4952486377678613,0.33911961365765564,0.49524862656092683
0.777,0.6590352010647997,0.3180704070316287,0.9999999974240904,0.9788182081912009,0.4953939877291762,0.33925220133335116,0.4953939876352343
0.778,0.6590029826361556,0.3180059698465206,0.9999999975967245,0.9786909058882487,0.4957171264601226,0.3393150662709142,0.49571712637263426
0.779,0.6589708888537011,0.31794178197376627,0.9999999977589527,0.9785644261668806,0.49603967512506375,0.3393773579525553,0.49603967504243435
0.78,0.6589389194511072,0.317877842883509,0.9999999979089352,0.9784387452984239,0.4963615777656052,0.339439099576429,0.49636157768790473
0.781,0.6589070742266755,0.317814152075907,0.9999999980972741,0.9783137813869566,0.49668262967894844,0.33950037249447995,0.4966826296044908
0.782,0.6588753530243793,0.31775070923062276,0.9999999983289888,0.978189838128613,0.4970036142495689,0.3395608726842479,0.49700361417656447
0.783,0.6588437554035332,0.31768751358744385,0.9999999985400352,0.9780666568407207,0.4973238728787954,0.3396208581277428,0.497323872807162
0.784,0.6588122122589029,0.3176244977204032,0.9999999615731976,0.9781314357517362,0.4981208257783617,0.33949309657272736,0.49812082586664735
0.785,0.6587808663047319,0.3175618016815202,0.9999999637466788,0.9780005428059596,0.49841553010826656,0.33956129129016743,0.4984155302418886
0.786,0.6587496431185405,0.31749935102592525,0.999999965999723,0.9778717839214404,0.498713075788646,0.339627597299976,0.4987130759455763
0.787,0.6587185423969156,0.3174371452480901,0.9999999682792102,0.97774494840449,0.4990129193863874,0.3396922248337429,0.4990129195498366
0.788,0.6586875862297975,0.3173751996101005,0.9999999857578739,0.9775534900282734,0.4991461636310095,0.339821722402642,0.4991461632970709
0.7889999999999999,0.6586567299291086,0.31731348509574814,0.999999986763158,0.9774397721804184,0.49947431567561823,0.33987372472985616,0.4994743154053821
0.79,0.6586259950927151,0.3172520133887119,0.9999999878317254,0.977326360105928,0.4998005897667271,0.33992566405143415,0.4998005895540095
0.7909999999999999,0.6585953817172768,0.3171907843308458,0.9999999890431931,0.977213436914697,0.5001254596908649,0.3399773570288347,0.5001254595330826
0.792,0.6585648887690128,0.31712979631146243,0.9999999901577215,0.9771003349025166,0.5004472438267401,0.3400294699722237,0.500447243710356
0.7929999999999999,0.658534316732549,0.3170686350649398,0.9999999991614754,0.9772976475516959,0.5015476784250708,0.3397709920899677,0.5015476734560375
0.794,0.6585042671206365,0.3170085359976798,0.9999999990795841,0.9768784772102524,0.5010938662320095,0.34013005956995357,0.5010938662319385
0.7949999999999999,0.658474131793763,0.31694826541523635,0.999999999042223,0.9767657506509873,0.5014087501002495,0.3401825155738953,0.5014087500998247
0.796,0.6584441168309758,0.31688823555577583,0.9999999990077513,0.9766537161528416,0.5017227934655499,0.3402345202365229,0.501722793465085
0.7969999999999999,0.658414221982003,0.3168284459188494,0.9999999989759014,0.9765423811446571,0.5020360206872174,0.3402860656295173,0.502036020686889
0.798,0.6583844470988872,0.31676889654478146,0.9999999987707178,0.9764246824078195,0.502330737720149,0.3403442151571519,0.5023307377198452
0.7989999999999999,0.6583547918463429,0.31670958609968203,0.9999999987394813,0.9763144242113425,0.5026415661234639,0.34039516292801436,0.5026415661229229
0.8,0.6583252559660653,0.31665051439480485,0.9999999987106292,0.9762049058083858,0.5029516979003416,0.34044560964343407,0.5029516978997233
0.8009999999999999,0.6582958485519873,0.31659169803046844,0.9999999993843041,0.9761250039198758,0.5033333010688412,0.34046669491156306,0.503333300262733
0.802,0.6582665518162031,0.3165331047543289,0.9999999993008175,0.9759997574570916,0.5035990623638107,0.34053334815915737,0.5035990616194546
0.8029999999999999,0.658237373064897,0.31647474699736317,0.999999999441516,0.9758806277514238,0.5038776343593392,0.340594120032439,0.5038776335380643
0.804,0.658208287268314,0.3164165765471212,0.999999998512406,0.9758386006362348,0.5043453792742156,0.3405779769173799,0.504345377627062
0.8049999999999999,0.6581792634426762,0.3163585896451755,0.9999999487888752,0.975670409645434,0.5044966498817866,0.34068819211316975,0.5044966097190546
0.806,0.6581505180578696,0.31630105501131284,0.9999999843955517,0.975569895648554,0.5048144092564332,0.3407311638848477,0.5048143971662407
0.8069999999999999,0.6581215191988615,0.3162432041914194,0.9999999135934087,0.9755904113973013,0.5054278746122008,0.340652864794159,0.5054278705533911
0.808,0.6580930751507441,0.31618621380561934,0.9999999669261072,0.9754174646360637,0.5055610798971686,0.3407687770282625,0.5055610778428861
0.8089999999999999,0.6580646900244146,0.3161294661398422,0.999999947186572,0.9752366808987597,0.5056730909884356,0.34089281480464023,0.5056730750985153
0.81,0.6580363844510875,0.316072799541978,0.9999999840153916,0.9751683269195233,0.5060600325526805,0.34090448543454155,0.5060600320492783
0.8109999999999999,0.6580081469395819,0.3160163112122887,0.9999999909658083,0.9750826715500455,0.5064015000640374,0.34093364711906504,0.5064014994866525
0.812,0.6579800474846642,0.31596010292207133,0.9999999960229552,0.9750170750036046,0.5067899967741958,0.34094303515474234,0.5067899923055916
0.813,0.6579520314402597,0.31590406820873634,0.999999997117346,0.9749226435510371,0.5071046936371472,0.34098143031327544,0.5071046889691141
0.8140000000000001,0.6579241340653658,0.3158482716601872,0.9999999979093274,0.9748235561665105,0.5074054980279633,0.34102472037559434,0.5074054929294088
0.815,0.6578963438691158,0.3157926912059844,0.9999999977591341,0.9746929573533923,0.5076264844300894,0.3410997378025405,0.5076264797227927
0.8160000000000001,0.6578686846963673,0.31573737214650066,0.999999998230441,0.9745880628564574,0.5079083437945104,0.3411493134848061,0.507908338622853
0.817,0.657841141547981,0.31568228542633486,0.9999999985575759,0.9744811845421602,0.5081829736652279,0.3412011053806882,0.5081829681164067
0.8180000000000001,0.6578137138738778,0.3156274298357435,0.9999999987889086,0.9743724597940191,0.5084507360566549,0.34125497485209005,0.5084507302161566
0.819,0.6577864144250469,0.31557282986347035,0.9999999994471801,0.9743189542209569,0.5088510990502892,0.34125388063228596,0.5088510927754362
0.8200000000000001,0.6577592119513597,0.3155184247514341,0.9999999995928952,0.9742448410250437,0.5091984274457776,0.3412735889231044,0.5091984211196413
0.821,0.6577321209391482,0.31546424273028284,0.9999999995870736,0.9741664505637501,0.5095327986711683,0.3412977974321673,0.5095327923097702
0.8220000000000001,0.6577051433948595,0.31541028764901924,0.9999999995794241,0.9740864645817838,0.5098608024714963,0.3413238283898402,0.5098607960703603
0.823,0.6576782796740639,0.3153565602174126,0.9999999995701984,0.9740053302338552,0.5101835552909112,0.34135123535175815,0.5101835488648349
0.8240000000000001,0.6576515298271954,0.3153030605359809,0.9999999995604572,0.9739232262502041,0.5105015144401649,0.34137983968590996,0.5105015080069252
0.825,0.6576248937730244,0.31524978844005946,0.9999999995507629,0.9738402726199443,0.5108149916701941,0.3414095212435315,0.51081498523713
0.8260000000000001,0.6575983709632752,0.31519674283556587,0.9999999995403202,0.9737573130627186,0.5111260463859313,0.34143943522076997,0.5111260399458145
0.827,0.657571961303438,0.31514392353170234,0.9999999995299386,0.9736741825456198,0.511434291600341,0.3414697464440561,0.5114342851705735
0.8280000000000001,0.6575456646892821,0.31509133031789255,0.9999999995197334,0.9735907522162043,0.5117394295041293,0.34150058355511315,0.5117394231016423
0.829,0.6575194785569556,0.3150389586834698,0.9999999991821774,0.973074516932118,0.5109980226304286,0.3419644423041245,0.5109980226318124
0.8300000000000001,0.6574934044372293,0.31498681033747955,0.9999999992378814,0.9729771515633929,0.5112660900343066,0.34200965928553656,0.5112660900357308
0.831,0.6574674423048283,0.31493488598161357,0.9999999992854116,0.9728808363842636,0.5115344119235435,0.34205405007347656,0.5115344119249865
0.8320000000000001,0.6574415920198527,0.31488318533164666,0.9999999993272002,0.9727856433747926,0.5118031633640356,0.34209754240192863,0.5118031633653408
0.833,0.657415855808664,0.31483171286278155,0.9999999993515363,0.9726953744585628,0.5120814900695166,0.3421363388305672,0.5120814900704543
0.8340000000000001,0.6573902297482679,0.3147804606351299,0.9999999994072307,0.9726035358018257,0.5123537618703528,0.3421769252205192,0.5123537618712072
0.835,0.6573647153615121,0.314729431764076,0.9999999994581373,0.9725133489372454,0.5126277312181861,0.3422160831842578,0.5126277312114697
0.8360000000000001,0.6573393127202015,0.31467862639710065,0.999999999502188,0.9724252190546704,0.5129043657140561,0.34225340768102536,0.5129043656925439
0.837,0.6573140219303529,0.31462804473629047,0.9999999995444222,0.9723395269595202,0.5131845702053877,0.3422885180958398,0.5131845701717326
0.8380000000000001,0.657288843121584,0.31457768702914796,0.9999999995911428,0.9722567476209095,0.513469470078045,0.34232093970657373,0.5134694700310369
0.839,0.657263873077523,0.3145277563470145,0.9999999946989789,0.9724976694473276,0.5145244294851142,0.3420300902684698,0.5145244294562669
0.8400000000000001,0.6572389213389266,0.3144778429699269,0.9999999999080602,0.9724111281405667,0.5147949142872636,0.34206671962759594,0.5147949089235787
0.841,0.6572140590856712,0.3144281199106366,0.999999999541313,0.972216760140386,0.5148066697319119,0.3422113669449042,0.5148066636775088
0.8420000000000001,0.6571891614489422,0.31437832441706504,0.999999999521713,0.9726038590142506,0.5161970151920211,0.3417744735297841,0.5161970069629795
0.843,0.6571643831610703,0.314328768149833,0.9999999990648976,0.9726610231821714,0.5167997938033823,0.34166774588025706,0.5167997934521845
0.8440000000000001,0.6571396688183114,0.31427934221530407,0.9999999976208908,0.9727097824651391,0.5173793786759792,0.34156956119660953,0.5173793786761889
0.845,0.6571157507982599,0.3142315050916944,0.9999999981841362,0.9720102590568461,0.5161893749478212,0.34222124713038976,0.5161893749479045
0.8460000000000001,0.6570914511798925,0.3141829028680712,0.9999999997360988,0.9719138935166687,0.5164233414007989,0.3422690095463999,0.5164233413577534
0.847,0.6570671502372187,0.3141343009092938,0.9999999997547776,0.9719852266436734,0.5170504862015473,0.34214908542288935,0.5170504731556355
0.8480000000000001,0.657043155901889,0.31408631189266817,0.9999999999538788,0.9717285955509165,0.5169023684381371,0.34235771640572427,0.5169023683948275
0.849,0.6570191619579228,0.31403832464714554,0.9999999995703472,0.9717196277522496,0.5173357860064552,0.3423187002671195,0.5173357821585963
0.8500000000000001,0.6569952720209032,0.3139905458108789,0.9999999990879267,0.9715673291067837,0.5174293658873361,0.3424232399476872,0.517429339253616
0.851,0.6569715181487771,0.31394303665787643,0.9999999998106388,0.9715562480619805,0.5178532380251029,0.3423867893901722,0.5178532372111495
0.852,0.6569477463617941,0.31389549377483367,0.9999999994585016,0.9716094854432662,0.5184247752833165,0.3422860122020926,0.518424771117631
0.853,0.6569241716258762,0.31384834480691803,0.9999999992006272,0.9715559114342411,0.5187435691946433,0.3422924351196836,0.5187435677053104
0.854,0.6569007817929562,0.313801566242231,0.9999999986224057,0.9714278025544291,0.5188860240569596,0.34237376446191853,0.5188860240586625
0.855,0.656877493401024,0.31375498950883957,0.9999999985965063,0.9712933344457533,0.5190117039255885,0.34246165584600347,0.5190117039268031
0.856,0.6568542832835469,0.31370856907067635,0.9999999987021468,0.9711877500621179,0.5192028737483576,0.3425208197269539,0.5192028737493194
0.857,0.656830993367236,0.3136619889833374,0.9999999988344421,0.9713908688587121,0.5201113467596754,0.34227112076457566,0.5201113467606652
0.858,0.6568079938386596,0.31361598970587123,0.9999999989488442,0.9712993822818746,0.520330609370195,0.3423166079966265,0.5203306093709666
0.859,0.6567850911175863,0.3135701840701198,0.9999999990493564,0.9712178468976339,0.5205709633887802,0.34235233768625034,0.5205709633894079
0.86,0.6567623808156356,0.31352476367363835,0.9999999986912624,0.9709086626128802,0.5202803704877935,0.3426161108027741,0.5202803588049818
0.861,0.6567396841661381,0.31347936923638775,0.9999999994624719,0.9708581993041857,0.5205893573891845,0.3426211729253255,0.5205893539179623
0.862,0.6567170821069289,0.31343416493802523,0.9999999995843516,0.970795245797411,0.5208670869627025,0.3426389210793808,0.520867084770267
0.863,0.6566945853378066,0.3133891715956584,0.999999999472746,0.9707210072878657,0.52111652816227,0.34266816652021354,0.5211165256644448
0.864,0.6566721881076375,0.3133443781153229,0.9999999989189197,0.9706457229161078,0.5213614512637678,0.34269865930212373,0.5213614466656247
0.865,0.6566494195889753,0.3132990116499334,0.9999999091278607,0.9703428972537209,0.5210760799511063,0.34295623112567064,0.5210759906406922
0.866,0.6566275798864696,0.31325519161420506,0.9999999902115148,0.9706199786681428,0.5221328235711978,0.3426352524740401,0.5221328183327621
0.867,0.656605508782438,0.3132110436388778,0.9999999926929405,0.9706043175867457,0.5225088693313746,0.3426067661912812,0.5225088598257779
0.868,0.6565835344862095,0.3131670923136999,0.9999999935675192,0.9705624888056524,0.5228222491571906,0.342604643797989,0.52282223659865
0.869,0.6565616610045393,0.3131233435775934,0.9999999940774433,0.9705143052693214,0.5231187982818353,0.3426090789474624,0.5231187832868378
0.87,0.6565398917375758,0.3130798037499971,0.9999999944281296,0.9704591049156981,0.5233970741875967,0.3426207398122889,0.5233970572836832
0.871,0.6565182259448948,0.31303647118033356,0.9999999946848233,0.9703999635246837,0.5236642005408437,0.34263654845910074,0.5236641826882911
0.872,0.6564966634916384,0.3129933454795231,0.9999999948853503,0.9703376796160644,0.5239220490855804,0.3426557066465537,0.5239220303354801
0.873,0.6564752038472053,0.31295042553346675,0.9999999950462903,0.970273199665983,0.5241728199759168,0.3426772667557316,0.524172800351835
0.874,0.6564538465330993,0.31290771035240417,0.9999999951775976,0.9702071668850947,0.5244180097519694,0.3427005845648204,0.5244179892616765
0.875,0.656432591118013,0.3128651990512457,0.9999999952857026,0.9701400438454605,0.5246586955700281,0.34272519660186174,0.5246586742116126
0.876,0.6564114372152082,0.3128228908421469,0.999999995374724,0.9700721621192365,0.5248956508935786,0.34275077049589747,0.5248956286610245
0.877,0.6563903864353743,0.3127807882872029,0.9999999956171961,0.9700011840735179,0.5251235661889594,0.34277964641700914,0.5251235418942337
0.878,0.6563694370669035,0.31273888845238673,0.9999999958862321,0.9699281757435719,0.5253448970162017,0.34281075539454425,0.5253448703408331
0.879,0.6563485883591075,0.3126971899754053,0.9999999961454537,0.969853130050858,0.5255596495781878,0.3428441031298661,0.5255596204749817
0.88,0.6563278160965945,0.31265566435925535,0.9999999834007881,0.9695472259293539,0.5252477281133524,0.3431084464002952,0.5252477275169274
0.881,0.6563072193470502,0.31261443891122026,0.9999999999293797,0.9696445698657712,0.5258507537356903,0.3429698693387238,0.5258507537258
0.882,0.6562861080277843,0.3125722953394012,0.9999999760205841,0.9698896967036775,0.5267831645903054,0.34268272045555215,0.5267831584598063
0.883,0.6562657038665553,0.3125314654349627,0.9999999827417605,0.969939630725368,0.5272728252810182,0.3425919263409041,0.5272728207624575
0.884,0.6562454220844672,0.31249089037772476,0.999999986205973,0.9698718370750563,0.5274937921824822,0.34261912632862956,0.5274937907960664
0.885,0.6562251965537373,0.3124504307638407,0.9999999887537313,0.969865411094074,0.5278512965077407,0.3425850797781945,0.5278512960157953
0.886,0.6562051158015054,0.31241026224593177,0.9999999907336612,0.9697731691598805,0.5280131314234439,0.3426371420513989,0.5280131312393297
0.887,0.6561850814711533,0.31237018572171543,0.9999999930329543,0.9697593216477188,0.5283496512013273,0.3426109026818737,0.5283496488987107
0.888,0.6561651156588587,0.31233024822112915,0.9999999944249378,0.9697744605671511,0.5287491284974492,0.3425558195721705,0.5287491191589972
0.889,0.6561453629109599,0.31229072983363376,0.9999999979803725,0.9696647683643829,0.5288660739967713,0.342625969390394,0.5288660663468705
0.89,0.6561257695437798,0.3122515402465638,0.9999999994636184,0.9693486847523857,0.5285179647502971,0.3429028639791047,0.5285179559146255
0.891,0.6561061201011731,0.3122122415489441,0.9999999993841655,0.9692697291974596,0.528700663194799,0.342942521525914,0.5287006537867904
0.892,0.6560864267302063,0.3121729475668468,0.999999971115468,0.9691445747215728,0.528777745742951,0.3430284554781201,0.5287778389515798
0.893,0.6560671151405654,0.3121342322595427,0.9999999989712246,0.9690483565154608,0.5289185352298771,0.34308587656145784,0.5289185346648824
0.894,0.6560477481172003,0.31209549786621626,0.9999999991558428,0.9690023995874233,0.5291697739552039,0.3430930988027891,0.529169773691188
0.895,0.6560284764818307,0.31205695514438775,0.9999999988787207,0.968954624582008,0.5294150010452979,0.3431023309971014,0.5294150010460528
0.896,0.6560090093471506,0.31201830611756276,0.9999998522437222,0.9690979130739766,0.5300843387811558,0.34292044818248324,0.5300843405833959
0.897,0.6559900101179182,0.3119801995966434,0.9999999078196791,0.9689357311613744,0.5300701512581543,0.34304450343652404,0.5300701513043045
0.898,0.6559708663081453,0.3119417562287169,0.9999999874138468,0.968450044535339,0.5293326077341182,0.3434917362624471,0.5293325809356298
0.899,0.6559522309184252,0.3119044752329297,0.9999999957644344,0.9691055844751161,0.531137094658988,0.34279891799349665,0.5311370917631406
0.9,0.6559335251496334,0.3118670718504704,0.9999999935562591,0.9688159886396327,0.5308350610606306,0.3430511158256672,0.5308350747157017
0.901,0.6559148247272133,0.3118296734664997,0.9999999910569264,0.9687358743915814,0.5309967865746119,0.34309382539600325,0.5309967960408489
0.902,0.6558962209644882,0.3117924657961998,0.9999999904263543,0.9687105176047279,0.5312782105090444,0.34308197117510436,0.531278216993173
0.903,0.6558777233565508,0.3117554686551952,0.999999991196138,0.9686786747181074,0.5315433477385085,0.3430768160984411,0.5315433528862711
0.904,0.6558593244573943,0.3117186690591795,0.999999992035144,0.9686440426227138,0.5318003981337818,0.3430746485664133,0.5318004024961958
0.905,0.6558410225086372,0.31168206357240485,0.9999999927917704,0.9686078198146266,0.5320520298390379,0.3430742661388625,0.5320520334417114
0.906,0.6558228160908958,0.3116456494159766,0.9999999934157343,0.9685708190301213,0.5323000503305153,0.3430748531211149,0.5323000531654329
0.907,0.6558047046990051,0.3116094255090082,0.9999999939352,0.9685335218073788,0.5325455333507246,0.34307592682694843,0.5325455353805367
0.908,0.655786688025493,0.3115733911805632,0.9999999943765732,0.9684962394219359,0.5327891740602214,0.343077175277614,0.532789175242704
0.909,0.6557687658577277,0.3115375459668565,0.9999999947585,0.9684591205400744,0.5330313073674523,0.3430784493126415,0.5330313076670656
0.91,0.6557509379429853,0.3115018893405689,0.999999995094904,0.9684224308215493,0.5332725237332634,0.3430794827624657,0.5332725231183004
0.911,0.655733204081969,0.31146642088523674,0.9999999953952727,0.9683862865560452,0.5335130833715385,0.34308015891514176,0.5335130818146809
0.912,0.655715564079469,0.31143114019932744,0.9999999956663571,0.9683507722128811,0.5337531756163043,0.34308039289706244,0.533753173095802
0.913,0.6556980177448054,0.3113960468934258,0.9999999959127894,0.9683159381168904,0.5339929142091249,0.3430801339727074,0.5339929107301541
0.914,0.6556805648958961,0.311361140601761,0.9999999961363297,0.9682817621563438,0.5342322539571708,0.3430794037582012,0.5342322496751158
0.915,0.655663249584567,0.3113264996284887,0.9999999998470948,0.9682315556030164,0.534434891934997,0.34309494853577643,0.5344348882456559
0.916,0.6556458727290478,0.311291759968674,0.9999999948515262,0.9682771449559574,0.5348442865094929,0.3430146741525738,0.5348442578659434
0.917,0.6556286914793329,0.311257397008317,0.9999999949014926,0.9682595133277118,0.5351140395967205,0.3429979408032121,0.5351140109991774
0.9179999999999999,0.6556116085723405,0.3112232306927176,0.9999999949832571,0.9682366639979644,0.5353705654674998,0.342986621825006,0.5353705369628864
0.919,0.6555946216833887,0.31118925632933175,0.9999999951263749,0.9682099211172621,0.5356167798119496,0.3429793885245461,0.5356167513891191
0.9199999999999999,0.655577729794722,0.3111554718532434,0.9999999953446359,0.968180104452802,0.5358544958662246,0.3429754190880679,0.5358544674965259
0.921,0.6555609317773117,0.31112187540484854,0.9999999954204417,0.9681478040455321,0.5360850209902233,0.3429741212745812,0.5360849928547394
0.9219999999999999,0.6555442269151935,0.31108846542310575,0.9999999954278146,0.968113537646112,0.5363095005394014,0.34297497593908893,0.5363094727475254
0.923,0.6555276144623793,0.3110552404372664,0.9999999953542871,0.9680777737639719,0.5365289684805874,0.3429775130685912,0.5365289411544707
0.9239999999999999,0.6555110939199328,0.3110221994708383,0.9999999951829561,0.968040728671658,0.5367439095240699,0.342981515314051,0.5367438828028286
0.925,0.6554946647933492,0.31098934157851316,0.9999999948901552,0.9680026010274404,0.5369547683922264,0.3429867830305181,0.5369547424438147
0.9259999999999999,0.655478325743676,0.310956664098211,0.9999999944774254,0.9679648344729269,0.5371646727011707,0.3429918701094521,0.5371646476607714
0.927,0.6554620756055773,0.31092416460680933,0.9999999940033681,0.9679293671796391,0.5373778040487812,0.34299483624630184,0.5373777799326569
0.9279999999999999,0.6554459160388012,0.3108918464928098,0.9999999934078537,0.9678937539095903,0.5375888930835211,0.3429981295409811,0.5375888700399476
0.929,0.6554298467631855,0.3108597092362416,0.9999999926697978,0.9678580220998829,0.5377980070407047,0.34300172199700746,0.5377979852464689
0.9299999999999999,0.6554138674950941,0.31082775232064247,0.9999999917626652,0.967822196729381,0.5380052075963296,0.34300558807274995,0.5380051872628882
0.931,0.6553979780851561,0.3107959752856345,0.9999999907731835,0.967786300256204,0.5382105507184929,0.3430097049862081,0.5382105319625673
0.9319999999999999,0.6553821785378349,0.31076437772979215,0.9999999899199857,0.9677503495618135,0.5384140801151487,0.3430140558113344,0.5384140628046109
0.933,0.6553664683061741,0.31073295904294607,0.9999999889455048,0.9677143616321063,0.5386158397086426,0.34301862252985393,0.538615824008764
0.9339999999999999,0.6553508121874786,0.3107016580255559,0.9999999845345896,0.9676775502796834,0.5388140455585564,0.3430242008353059,0.5388139885112356
0.935,0.6553352398670436,0.3106705258819165,0.9999999795619182,0.9676404028492653,0.5390098443286874,0.34303029454467054,0.5390097389311277
0.9359999999999999,0.6553197616914556,0.31063958055305185,0.9999999750197216,0.9676031805846496,0.5392038361481244,0.3430366387894759,0.5392036885616788
0.937,0.6553043774318047,0.3106088216593571,0.9999999708911169,0.9675659319676424,0.5393961321142937,0.343043184460785,0.5393959487649302
0.938,0.6552892718233212,0.3105785450193719,0.999999999301496,0.9675902945466865,0.5397186587881515,0.34298825062623156,0.5397186587885854
0.9390000000000001,0.6552740918205042,0.3105481866675415,0.9999999984603741,0.9675583258446706,0.5399188532427307,0.3429898611554695,0.5399188532440508
0.94,0.6552589997666867,0.31051800502517596,0.9999999972068916,0.9675383476176163,0.5401429039111537,0.3429796579994532,0.540142903914
0.9410000000000001,0.6552439952928905,0.31048799939521127,0.9999999955207032,0.9675192972726795,0.5403672234162104,0.34296870305387284,0.5403672234222149
0.942,0.6552290864081916,0.31045817530091074,0.999999998737053,0.9674962978773248,0.5405814600574859,0.34296187768253444,0.5405814600580561
0.9430000000000001,0.6552142611521385,0.3104285247513922,0.9999999987563941,0.9674788877399253,0.5408058779331042,0.34294963726182853,0.5408058779336764
0.944,0.655199523646842,0.31039904970285676,0.9999999987760101,0.9674620223366786,0.5410297571269892,0.34293702760806233,0.5410297571275224
0.9450000000000001,0.6551848736999549,0.310369749770396,0.9999999987959557,0.9674456980848057,0.5412530935383167,0.3429240519191138,0.5412530935388192
0.946,0.6551703111194014,0.31034062456990713,0.9999999988162835,0.967429911462644,0.5414758832106858,0.34291071333242645,0.5414758832112078
0.9470000000000001,0.6551558007787062,0.3103116150751149,0.9999999931380851,0.9673467638962666,0.5415546077117307,0.34296485242188585,0.5415546077575746
0.948,0.6551413549407451,0.31028274232945036,0.999999983520997,0.967219411838708,0.5415386247865871,0.3430633352368579,0.5415386228784431
0.9490000000000001,0.6551271495435697,0.31025429927413456,0.999999999928019,0.9674166211596911,0.5422060206345399,0.3428376789908398,0.5422060199006937
0.95,0.6551129346828097,0.31022586958449644,0.9999999999102466,0.9673869857895941,0.5423929080355203,0.34283888461882844,0.5423929073466076
0.9510000000000001,0.655098797144778,0.3101975946988875,0.9999999997924487,0.96733141700799,0.542523625319274,0.34286617839237293,0.5425236246261873
0.952,0.6550847517387708,0.31016950483704325,0.9999999993107923,0.9673183635201994,0.5427422230134757,0.342851141431338,0.5427422230154569
0.9530000000000001,0.6550707867380358,0.3101415839514425,0.999999994690625,0.9673201465567078,0.5429903105441544,0.34282143826940054,0.5429903105452598
0.954,0.6550569183163159,0.3101138472870665,0.9999999946013303,0.9673133008379826,0.543218619954437,0.34280054731867093,0.5432186199556848
0.9550000000000001,0.6550431342987645,0.3100862792972286,0.9999999945798517,0.9673040510170233,0.5434402260990856,0.342782229133482,0.5434402261003926
0.956,0.6550294350610294,0.3100588808071876,0.9999999945887129,0.967294103066821,0.5436587235878066,0.3427647785725838,0.5436587235891229
0.9570000000000001,0.6550158202661241,0.31003165112888403,0.9999999946349881,0.967283210823328,0.5438736087323184,0.3427484411113003,0.5438736087335191
0.958,0.6550019275447354,0.31000396173669875,0.9999999458683054,0.967009327533106,0.5435365045682471,0.34299466143452734,0.5435364833191322
0.9590000000000001,0.6549885074789018,0.3099772390351654,0.9999998865290401,0.9673263900392037,0.544433186807554,0.3426508741001545,0.5444331769616529
0.96,0.6549753073958317,0.3099507304690707,0.9999999414170399,0.9673110341670009,0.5446341400254119,0.34263971127386184,0.5446341324819383
0.9610000000000001,0.6549621980104939,0.309924403210071,0.9999999964361457,0.9671885312070915,0.544610544523113,0.34273587772844294,0.5446105395698964
0.962,0.6549489985784046,0.3098980017275411,0.9999999978204102,0.9671492951422144,0.5447585174073142,0.342748715796415,0.5447585095109747
0.9630000000000001,0.6549358906016689,0.3098717860500859,0.9999999976748468,0.9671401543646019,0.5449675669550647,0.3427316404545656,0.5449675593213661
0.964,0.6549228665294989,0.3098457381911845,0.9999999975243816,0.967131428848455,0.5451758863294849,0.3427143176613869,0.5451758789599862
0.9650000000000001,0.6549099261473262,0.30981985772103093,0.9999999973693439,0.9671231067240567,0.5453834548113616,0.34269675885746964,0.5453834477540084
0.966,0.6548970691755437,0.30979414407878675,0.99999999721056,0.9671150076428374,0.5455899026800425,0.3426791438275705,0.5455898960727886
0.9670000000000001,0.654884295490514,0.3097685970159625,0.9999999970486123,0.9671071945256097,0.5457953653763389,0.3426614094063022,0.5457953592234653
0.968,0.6548716533762956,0.30974330707056613,0.9999999998395024,0.9672038111740228,0.5462152138596081,0.3425394959143722,0.5462152138595746
0.9690000000000001,0.6548588386755644,0.3097178407699577,0.9999999175368034,0.9673092710117719,0.5466507360959495,0.3424085779759095,0.546650736750883
0.97,0.6548463278695703,0.30969280314841596,0.999999925636447,0.9672935604822656,0.5468347670230147,0.3423992498617202,0.546834767562032
0.9710000000000001,0.6548339023545994,0.30966793547428856,0.9999999340516561,0.9672788707969728,0.5470193931776712,0.3423890708732214,0.5470193936049249
0.972,0.6548215619880375,0.30964323761203066,0.9999999427066028,0.967265362102353,0.5472049445102796,0.34237788073633435,0.547204944832689
0.9730000000000001,0.6548093058594667,0.30961870844813877,0.9999999512446162,0.9672534622434898,0.5473922983380546,0.3423652505231397,0.547392298567651
0.974,0.6547968760024041,0.30959398027805174,0.9999998849028844,0.9672491710210328,0.5475931346427829,0.34234482851818476,0.5475931249287752
0.9750000000000001,0.6547847822264572,0.3095697765562213,0.9999998930817152,0.9672413966800847,0.5477859100914644,0.34232839792891867,0.5477859004916329
0.976,0.6547727780922039,0.30954574979382715,0.999999902427391,0.9672375766465521,0.5479852962566756,0.3423081898142424,0.5479852869220091
0.9770000000000001,0.6547608643523611,0.3095219011628852,0.999999913107201,0.9672385160364264,0.5481929253967291,0.3422834001914766,0.548192916518414
0.978,0.6547490609342943,0.30949825178381823,0.999999934609564,0.9672532169940996,0.5484272094044622,0.34224503980200893,0.5484272093163213
0.9790000000000001,0.6547373216066544,0.3094747421523045,0.9999999502149144,0.9672274812013225,0.5485772541306027,0.3422472647039368,0.5485772539471083
0.98,0.6547256175421551,0.3094513361645751,0.9999999491525161,0.9671635711985483,0.5486478839931399,0.34228776864587823,0.5486478837822866
0.981,0.654714008727237,0.30942810987189967,0.9999999535237429,0.967154409057987,0.5488289031940571,0.34227370404455015,0.5488289029710797
0.982,0.6547024821133925,0.30940504749395187,0.9999999581375625,0.9671451819929052,0.5490083192167332,0.34225986829347016,0.5490083189866418
0.983,0.6546910375930866,0.309382148830689,0.9999999629861018,0.9671357536424885,0.5491858614545173,0.34224639755579206,0.549185861222943
0.984,0.6546796750122857,0.30935941362469754,0.9999999680437791,0.9671258641013363,0.5493610092040165,0.3422335514820578,0.5493610089777675
0.985,0.6546683941110436,0.3093368414788561,0.9999999732487173,0.9671149402397854,0.5495326076656472,0.3422219028094232,0.5495326074523074
0.986,0.6546571942045388,0.30931443139118725,0.9999999784161114,0.9671015619030707,0.5496977876097671,0.34221287070054657,0.5496977874172838
0.987,0.654646073704932,0.3092921810944752,0.9999999830899905,0.9670804175061175,0.5498458039976968,0.3422117644936566,0.5498458038330875
0.988,0.6546350677465942,0.3092701427061822,0.9999999963800866,0.9672083308190653,0.5502942576168275,0.34206181573718725,0.550294253868375
0.989,0.6546240994904964,0.3092482020188651,0.9999999987940902,0.9672815819768441,0.5506300740986299,0.3419666275058724,0.5506300687470651
0.99,0.654613198999329,0.3092264010400522,0.9999999988014115,0.9672956850090564,0.5508445990684563,0.34193072357660637,0.550844593685896
0.991,0.6546023759056493,0.3092047548962842,0.9999999987892487,0.9673018070442029,0.5510414947111743,0.3419029554872666,0.551041489293942
0.992,0.6545916311632123,0.30918326546447256,0.9999999987730321,0.9673063777910634,0.5512337836254224,0.34187689540577143,0.5512337781699864
0.993,0.6545809649433784,0.3091619330828659,0.9999999987550917,0.9673111428092085,0.5514249984576112,0.3418507981117495,0.5514249929600566
0.994,0.6545703772112725,0.3091407576811287,0.9999999987358831,0.9673167624429345,0.5516164732636212,0.34182400319218875,0.5516164677191863
0.995,0.6545598678519864,0.30911973902972956,0.9999999987153989,0.9673235469979442,0.5518088328111997,0.3417962001139199,0.5518088272139887
0.996,0.6545494367069884,0.3090988768088757,0.9999999986943898,0.9673318009115879,0.5520026873782905,0.3417670841066154,0.5520026817313266
0.997,0.654539083591099,0.30907817063639703,0.9999999986759686,0.9673415939737443,0.5521981739341522,0.34173658494571824,0.5521981682739525
0.998,0.6545288083355991,0.30905762018944416,0.9999999986562833,0.9673521797777924,0.5523937934197781,0.34170544878088305,0.552393787740473
0.999,0.6545186107561456,0.3090372251003542,0.9999999986350897,0.9673636436612749,0.552589717802279,0.341673589909372,0.552589712096715
1.0,0.6545083460386784,0.30901669749535615,1.0,0.9671970880534972,0.5524275844346143,0.34181966360948546,0.5524275363529537
